UF - A,MUNICIPIO - A,NOME DO POP - A,TRECHO,UF - B,MUNICIPIO - B,NOME DO POP - B,TIPO DE REDE,RESPONSAVEIS
MA,IMPERATRIZ,ELETRONET,ELETRONET <> VILA NOVA,MA,IMPERATRIZ,VILA NOVA,METRO, NETFACIL
MA,IMPERATRIZ,ELETRONET,ELETRONET <> SOL NASCENTE,MA,IMPERATRIZ,SOL NASCENTE,METRO, NETFACIL
MA,IMPERATRIZ,SOL NASCENTE,SOL NASCENTE <> VILA NOVA,MA,IMPERATRIZ,VILA NOVA,METRO, MEGALINK
MA,IMPERATRIZ,SOL NASCENTE,SOL NASCENTE <> BACURI,MA,IMPERATRIZ,BACURI,METRO, MEGALINK
MA,IMPERATRIZ,BACURI,BACURI <> VILA NOVA,MA,IMPERATRIZ,VILA NOVA,METRO, MEGALINK
MA,IMPERATRIZ,SOL NASCENTE,SOL NASCENTE <> AÃ‡AILÃ‚NDIA,MA,AÃ‡AILÃ‚NDIA,AÃ‡AILÃ‚NDIA,METRO, NETFACIL/MEGALINK
MA,AÃ‡AILÃ‚NDIA,AÃ‡AILÃ‚NDIA,AÃ‡AILÃ‚NDIA <> NOVO BACABAL,MA,NOVO BACABAL,NOVO BACABAL,METRO, MOGNET/MEGALINK
MA,NOVO BACABAL,NOVO BACABAL,NOVO BACABAL <> BOM JESUS DAS SELVAS,MA,BOM JESUS DAS SELVAS,BOM JESUS DAS SELVAS,METRO, MOGNET
MA,BOM JESUS DAS SELVAS,BOM JESUS DAS SELVAS,BOM JESUS DAS SELVAS <> BURITICUPU,MA,BURITICUPU,BURITICUPU,METRO, MOGNET
MA,BURITICUPU,BURITICUPU,BURITICUPU <> SÃƒO ONOFRE,MA,SANTA LUZIA,SÃƒO ONOFRE,METRO, ENFORNET
MA,BURITICUPU,BURITICUPU,BURITICUPU <> POVOADO UNIÃƒO,MA,BURITICUPU,POVOADO UNIÃƒO,METRO, MOGNET
MA,SANTA LUZIA,SÃƒO ONOFRE,SÃƒO ONOFRE <> SANTA LUZIA,MA,SANTA LUZIA,SANTA LUZIA,METRO, ENFORNET
MA,SANTA LUZIA,SANTA LUZIA,SANTA LUZIA <> SANTA INÃŠS,MA,SANTA INÃŠS,SANTA INÃŠS,METRO, ENFORNET
MA,BURITICUPU,POVOADO UNIÃƒO,POVOADO UNIÃƒO <> ALTAMIRA,MA,ALTO ALEGRE DO PINDARÃ‰,ALTAMIRA,METRO, MOGNET
MA,ALTO ALEGRE DO PINDARÃ‰,ALTAMIRA,ALTAMIRA <> ALTO ALEGRE DO PINDARÃ‰,MA,ALTO ALEGRE DO PINDARÃ‰,ALTO ALEGRE DO PINDARÃ‰,METRO, MOGNET
MA,ALTO ALEGRE DO PINDARÃ‰,ALTO ALEGRE DO PINDARÃ‰,ALTO ALEGRE DO PINDARÃ‰ <> BOM JARDIM,MA,BOM JARDIM,BOM JARDIM,METRO, BJNET
MA,ALTO ALEGRE DO PINDARÃ‰,ALTO ALEGRE DO PINDARÃ‰,ALTO ALEGRE DO PINDARÃ‰ <> SANTA LUZIA,MA,SANTA LUZIA,SANTA LUZIA,METRO, ENFORNET
MA,GOVENADOR NUNES FREIRE,GOVENADOR NUNES FREIRE,GOVENARDOR NUNES FREIRE <> SANTA LUZIA DO PARUÃ,MA,SANTA LUZIA DO PARUÃ,SANTA LUZIA DO PARUÃ,METRO, BJNET/LED INFO
MA,SANTA LUZIA DO PARUÃ,SANTA LUZIA DO PARUÃ,SANTA LUZIA DO PARUÃ <> NOVA OLINDA DO MARANHÃƒO,MA,NOVA OLINDA DO MARANHÃƒO,NOVA OLINDA DO MARANHÃƒO,METRO, BJNET BOM JARDIM
MA,NOVA OLINDA DO MARANHÃƒO,NOVA OLINDA DO MARANHÃƒO,NOVA OLINDA DO MARANHÃƒO <> ZÃ‰ DOCA,MA,ZÃ‰ DOCA,ZÃ‰ DOCA,METRO, BJNET
MA,ZÃ‰ DOCA,ZÃ‰ DOCA,ZÃ‰ DOCA <> BOM JARDIM,MA,BOM JARDIM,BOM JARDIM,METRO, BJNET
MA,BOM JARDIM,BOM JARDIM,BOM JARDIM <> SANTA INÃŠS,MA,SANTA INÃŠS,SANTA INÃŠS,METRO, MARANET
MA,SANTA INÃŠS,SANTA INÃŠS,SANTA INÃŠS <> VITÃ“RIA DO MEARIM,MA,VITÃ“RIA DO MEARIM,VITÃ“RIA DO MEARIM,METRO, MARANET
MA,SANTA INÃŠS,SANTA INÃŠS,SANTA INÃŠS <> PIO XII,MA,PIO XII,PIO XII,METRO, CAS NET
MA,PIO XII,PIO XII,PIO XII <> BACABAL,MA,BACABAL,BACABAL,METRO, CAS NET
MA,BACABAL,BACABAL,BACABAL <> ALTO ALEGRE DO MARANHÃƒO,MA,ALTO ALEGRE DO MARANHÃƒO,ALTO ALEGRE DO MARANHÃƒO,METRO, CAS NET
MA,MIRANDA DO NORTE,MIRANDA DO NORTE,MIRANDA DO NORTE <> VITÃ“RIA DO MEARIM,MA,VITÃ“RIA DO MEARIM,VITÃ“RIA DO MEARIM,METRO, MARANET
MA,MIRANDA DO NORTE,MIRANDA DO NORTE,MIRANDA DO NORTE <> ENTRONCAMENTO,MA,ENTRONCAMENTO,ENTRONCAMENTO,METRO, MARANET
MA,MIRANDA DO NORTE,MIRANDA DO NORTE,MIRANDA DO NORTE <> BACABEIRA,MA,BACABEIRA,BACABEIRA,DWDM, STAR1
MA,MIRANDA DO NORTE,MIRANDA DO NORTE,MIRANDA DO NORTE <> PIRAPEMAS,MA,PIRAPEMAS,PIRAPEMAS,METRO, STAR1
MA,BACABEIRA,BACABEIRA,BACABEIRA <> ESTIVA,MA,SÃƒO LUÃS,ESTIVA,METRO, STAR1/PRIX
MA,BACABEIRA,BACABEIRA,BACABEIRA <> SÃƒO CRISTÃ“VÃƒO ROTA TRABALHO,MA,SÃƒO LUÃS,SÃƒO CRISTÃ“VÃƒO,DWDM, STAR1/PRIX
MA,BACABEIRA,BACABEIRA,BACABEIRA <> SÃƒO CRISTÃ“VÃƒO ROTA PROTEÃ‡ÃƒO,MA,SÃƒO LUÃS,SÃƒO CRISTÃ“VÃƒO,DWDM, SAMIR
MA,BACABEIRA,BACABEIRA,BACABEIRA <> MASSALINA,MA,HUMBERTO DE CAMPOS,MASSALINA,DWDM, STAR1
MA,SÃƒO LUÃS,ESTIVA,ESTIVA <> SÃƒO CRISTÃ“VÃƒO,MA,SÃƒO LUÃS,SÃƒO CRISTÃ“VÃƒO,METRO, MEGALINK
MA,SÃƒO LUÃS,SÃƒO CRISTÃ“VÃƒO,SÃƒO CRISTÃ“VÃƒO <> INDUSTRIAL,MA,SÃƒO LUÃS,INDUSTRIAL,METRO, MEGALINK
MA,SÃƒO LUÃS,ESTIVA,ESTIVA <> INDUSTRIAL,MA,SÃƒO LUÃS,INDUSTRIAL,METRO, MEGALINK
MA,SÃƒO LUÃS,ESTIVA,ESTIVA <> RNP,MA,SÃƒO LUÃS,RNP,METRO, STAR1
MA,SÃƒO LUÃS,RNP,RNP <> ANGELIM,MA,SÃƒO LUÃS,RESNPONSÃVEL PELO TRECHO BURITINET,METRO, STAR1/MEGALINK
MA,SÃƒO LUÃS,ANGELIM,ANGELIM <> SÃƒO CRISTÃ“VÃƒO,MA,SÃƒO LUÃS,SÃƒO CRISTÃ“VÃƒO,METRO, MEGALINK
MA,SÃƒO LUÃS,ANGELIM,ANGELIM <> JOÃƒO DE DEUS,MA,SÃƒO LUÃS,JOÃƒO DE DEUS,METRO, MEGALINK
MA,SÃƒO LUÃS,ANGELIM,ANGELIM <> TURU,MA,SÃƒO LUÃS,TURU,METRO, STAR1
MA,SÃƒO LUÃS,TURU,TURU <> VILA JANAÃNA,MA,SÃƒO LUÃS,VILA JANAÃNA,METRO, MEGALINK
MA,SÃƒO LUÃS,TURU,TURU <> SÃƒO JOSÃ‰ DE RIBAMAR,MA,SÃƒO LUÃS,SÃƒO JOSÃ‰ DE RIBAMAR,METRO, MEGALINK/FACILNET
MA,SÃƒO LUÃS,TURU,TURU <> COHATRAC III,MA,SÃƒO LUÃS,COHATRAC III,METRO, ATM = ATEX - ANA MENDES
MA,SÃƒO LUÃS,SÃƒO CRISTÃ“VÃƒO,SÃƒO CRISTOVÃƒO <> COHATRAC III,MA,SÃƒO LUÃS,COHATRAC III,METRO, ATM = ATEX - ANA MENDES
MA,SÃƒO LUÃS,VILA JANAÃNA,VILA JANAÃNA <> SÃƒO CRISTÃ“VÃƒO,MA,SÃƒO LUÃS,SÃƒO CRISTÃ“VÃƒO,METRO, GPONET
MA,SÃƒO LUÃS,VILA JANAÃNA,VILA JANAÃNA <> SÃƒO JOSÃ‰ DE RIBAMAR,MA,SÃƒO LUÃS,SÃƒO JOSÃ‰ DE RIBAMAR,METRO, MEGALINK/FACILNET
MA,SÃƒO LUÃS,VILA JANAÃNA,VILA JANAÃNA <> MAIOBINHA,MA,SÃƒO LUÃS,MAIOBINHA,METRO, GPONET/MEGALINK
MA,SÃƒO LUÃS,COHATRAC III,COHATRAC III <> MAIOBINHA,MA,SÃƒO LUÃS,MAIOBINHA,METRO, ATM = ATEX - ANA MENDES
MA,SÃƒO LUÃS,MAIOBINHA,MAIOBINHA <> SÃƒO CRISTÃ“VÃƒO,MA,SÃƒO LUÃS,SÃƒO CRISTÃ“VÃƒO,METRO, MEGALINK/FACILNET
MA,SÃƒO LUÃS,SÃƒO CRISTÃ“VÃƒO,SÃƒO CRISTÃ“VÃƒO <> JOÃƒO DE DEUS,MA,SÃƒO LUÃS,JOÃƒO DE DEUS,METRO, MEGALINK
MA,HUMBERTO CAMPOS,MASSALINA,MASSALINA <> SOBRADINHO,MA,BARREIRINHAS,SOBRADINHO,DWDM, STAR1
MA,BARREIRINHAS,SOBRADINHO,SOBRADINHO <> CANA-BRAVA,MA,ÃGUA DOCE DO MARANHÃƒO,CANA-BRAVA,DWDM, STAR1/MEGALINK
MA,BARREIRINHAS,SOBRADINHO,SOBRADINHO <> BARREIRINHAS,MA,BARREIRINHAS,BARREIRINHAS,METRO, STAR1
MA,BARREIRINHAS,BARREIRINHAS,BARREIRINHAS <> PAULINO NEVES,MA,PAULINO NEVES,PAULINO NEVES,METRO, MEGALINK
MA,PAULINO NEVES,PAULINO NEVES,PAULINO NEVES <> TUTOIA,MA,TUTOIA,TUTOIA,METRO, MEGALINK
MA,TUTOIA,TUTOIA,TUTOIA <> CANA-BRAVA,MA,ÃGUA DOCE DO MARANHÃƒO,CANA-BRAVA,METRO, MEGALINK
MA,TUTOIA,TUTOIA,TUTOIA <> POVOADO COMUM,MA,TUTOIA,POVOADO COMUM,METRO, MEGALINK
MA,TUTOIA,POVOADO COMUM,POVOADO COMUM <> CANA-BRAVA,MA,ÃGUA DOCE DO MARANHÃƒO,CANA-BRAVA,METRO, MEGALINK
MA,ÃGUA DOCE DO MARANHÃƒO,CANA-BRAVA,CANA-BRAVA <> SANTANA,MA,SANTANA DO MARANHÃƒO,SANTANA,METRO, MEGALINK
MA,SANTANA DO MARANHÃƒO,SANTANA,SANTANA <> BAIXA GRANDE,MA,SÃƒO BERNARDO,BAIXA GRANDE,METRO, MEGALINK
MA,SÃƒO BERNARDO,BAIXA GRANDE,BAIXA GRANDE <> SÃƒO BERNARDO,MA,SÃƒO BERNARDO,SÃƒO BERNARDO,METRO, MEGALINK
MA,<>,SÃƒO BERNARDO,SÃƒO BERNARDO <> CANA BRAVA,MA,ÃGUA DOCE DO MARANHÃƒO,CANA-BRAVA,DWDM, MEGALINK
MA,ÃGUA DOCE DO MARANHÃƒO,CANA-BRAVA,CANA-BRAVA <> PLACAS,MA,ARAIOSES,PLACAS,METRO, MEGALINK
MA,ARAIOSES,PLACAS,PLACAS <> PIRANGI,MA,ARAIOSES,PIRANGI,METRO, MEGALINK
MA,ARAIOSES,PLACAS,PLACAS <> ARAIOSES,MA,ARAIOSES,ARAIOSES,METRO, MEGALINK
MA,ENTRONCAMENTO,ENTRONCAMENTO,ENTRONCAMENTO <> ITAPECURU MIRIM,MA,ITAPECURU MIRIM,ITAPECURU MIRIM,METRO, STAR1
MA,ITAPECURU MIRIM,ITAPECURU MIRIM,ITAPECURU MIRIM <> VARGEM GRANDE,MA,VARGEM GRANDE,VARGEM GRANDE,METRO, STAR1
MA,VARGEM GRANDE,VARGEM GRANDE,VARGEM GRANDE <> CHAPADINHA,MA,CHAPADINHA,CHAPADINHA,METRO, STAR1
MA,VARGEM GRANDE,VARGEM GRANDE,VARGEM GRANDE <> PIRAPEMAS,MA,PIRAPEMAS,PIRAPEMAS,METRO, STAR1
MA,PIRAPEMAS,PIRAPEMAS,PIRAPEMAS <> COROATÃ,MA,COROATÃ,COROATÃ,METRO, MEGALINK
MA,COROATÃ,COROATÃ,COROATÃ <> PERITORÃ“,MA,PERITORÃ“,PERITORÃ“,METRO, MEGALINK/STAR1
MA,COROATÃ,COROATÃ,COROATÃ <> TIMBIRÃS,MA,TIMBIRÃS,TIMBIRÃS,METRO, MEGALINK
MA,TIMBIRÃS,TIMBIRÃS,TIMBIRÃS <> CODÃ“,MA,CODÃ“,CODÃ“,METRO, MEGALINK
MA,CODÃ“,CODÃ“,CODÃ“ <> KM17,MA,CODÃ“,KM17,METRO, MEGALINK
MA,CODÃ“,KM17,KM17 <> PERITORÃ“,MA,PERITORÃ“,PERITORÃ“,DWDM, MEGALINK
MA,CODÃ“,KM17,KM17 <> CAXIAS,MA,CAXIAS,CAXIAS,DWDM, MEGALINK
MA,TIMON,TIMON,TIMON <> CARNAUBA DE PEDRA,MA,TIMON,CARNAUBA DE PEDRA,METRO, LL INFORMÃTICA
MA,CAXIAS,CAXIAS,CAXIAS <> BREJINHO,MA,BREJINHO,BREJINHO,METRO, HS
MA,CAXIAS,CAXIAS,CAXIAS <> BAU,MA,CAXIAS,BAU,METRO, SULIVAL | GRUPO CAXIAS/MATOES)
MA,PERITORÃ“,PERITORÃ“,PERITORÃ“ <> MIRANDA,MA,MIRANDA DO NORTE,MIRANDA,DWDM, MEGALINK/CAS NET
MA,PERITORÃ“,PERITORÃ“,PERITORÃ“ <> ALTO ALEGRE,MA,ALTO ALEGRE DO MARANHÃƒO,ALTO ALEGRE,METRO, MEGALINK
MA,PERITORÃ“,PERITORÃ“,PERITORÃ“ <> SANTO ANTONIO DOS LOPES,MA,SANTO ANTONIO DOS LOPES,SANTO ANTONIO DOS LOPES,DWDM, NOVA MNET
MA,SANTO ANTONIO DOS LOPES,SANTO ANTONIO DOS LOPES,SANTO ANTONIO DOS LOPES <> PRESIDENTE DUTRA,MA,PRESIDENTE DUTRA,PRESIDENTE DUTRA,DWDM, NOVA MNET
MA,SANTO ANTONIO DOS LOPES,SANTO ANTONIO DOS LOPES,SANTO ANTONIO DOS LOPES <> KM17,MA,CODÃ“,KM17,METRO, NOVA MNET
MA,PRESIDENTE DUTRA,PRESIDENTE DUTRA,PRESIDENTE DUTRA <> TUNTUM,MA,TUNTUM,TUNTUM,METRO, CONECTA MA/MEGALINK
MA,PRESIDENTE DUTRA,PRESIDENTE DUTRA,PRESIDENTE DUTRA <> ANGICAL,MA,PRESIDENTE DUTRA,ANGICAL,METRO, MULTIVALE
MA,PRESIDENTE DUTRA,PRESIDENTE DUTRA,PRESIDENTE DUTRA <> SENADOR ALEXANDRE COSTAS,MA,SENADOR ALEXANDRE COSTAS,SENADOR ALEXANDRE COSTAS,METRO, STAR1
MA,PRESIDENTE DUTRA,PRESIDENTE DUTRA,PRESIDENTE DUTRA <> SENADOR ALEXANDRE COSTAS,MA,SENADOR ALEXANDRE COSTAS,SENADOR ALEXANDRE COSTAS,DWDM, STAR1
MA,SENADOR ALEXANDRE COSTAS,SENADOR ALEXANDRE COSTAS,SENADOR ALEXANDRE COSTAS <> BAU,MA,CAXIAS,BAU,METRO, STAR1
MA,SENADOR ALEXANDRE COSTAS,SENADOR ALEXANDRE COSTAS,SENADOR ALEXANDRE COSTAS <> BAU,MA,CAXIAS,BAU,DWDM, STAR1
MA,CAXIAS,BAU,BAU <> MATÃ•ES,MA,MATÃ•ES,MATÃ•ES,METRO, SULIVAL | GRUPO CAXIAS/MATOES)
MA,MATÃ•ES,MATÃ•ES,MATÃ•ES <> PARNARAMA,MA,PARNARAMA,PARNARAMA,METRO, MEGALINK
MA,TUNTUM,TUNTUM,TUNTUM <> ANGICAL,MA,PRESIDENTE DUTRA,ANGICAL,METRO, CHAVES NET | CONECTA MA | MULTIVALE
MA,PRESIDENTE DUTRA,PRESIDENTE DUTRA,PRESIDENTE DUTRA <> COLINAS,MA,COLINAS,COLINAS,DWDM, WIRELINK | PRISMA | STAR1
MA,COLINAS,PEIXE,PEIXE <> PARAIBANO,MA,PARAIBANO,PARAIBANO,METRO, MEGALINK
MA,COLINAS,COLINAS,COLINAS <> PARAIBANO,MA,PARAIBANO,PARAIBANO,DWDM, MEGALINK | STAR1
MA,PARAIBANO,PARAIBANO,PARAIBANO <> SÃƒO JOÃƒO DOS PATOS,MA,SÃƒO JOÃƒO DOS PATOS,SÃƒO JOÃƒO DOS PATOS,DWDM, MEGALINK
MA,PARAIBANO,PARAIBANO,PARAIBANO <> SÃƒO JOÃƒO DOS PATOS,MA,SÃƒO JOÃƒO DOS PATOS,SÃƒO JOÃƒO DOS PATOS,METRO, COMPUTEX
MA,PARAIBANO,PARAIBANO,PARAIBANO <> OROZIMBO,MA,PASTOS BONS,OROZIMBO,METRO, MEGALINK
MA,PASTOS BONS,OROZIMBO,OROZIMBO <> SÃƒO JOÃƒO DOS PATOS,MA,SÃƒO JOÃƒO DOS PATOS,SÃƒO JOÃƒO DOS PATOS,METRO, MEGALINK
MA,PASTOS BONS,OROZIMBO,OROZIMBO <> PASTOS BONS,MA,PASTOS BONS,PASTOS BONS,METRO, DINÃ‚MIC/GIGA+
MA,SÃƒO JOÃƒO DOS PATOS,SÃƒO JOÃƒO DOS PATOS,SÃƒO JOÃƒO DOS PATOS <> BOM JESUS,MA,SÃƒO JOÃƒO DOS PATOS,BOM JESUS,METRO, MEGALINK
MA,SÃƒO JOÃƒO DOS PATOS,BOM JESUS,BOM JESUS <> JUREMA,MA,SÃƒO JOÃƒO DOS PATOS,JUREMA,METRO, MEGALINK
MA,SÃƒO JOÃƒO DOS PATOS,SÃƒO JOÃƒO DOS PATOS,SÃƒO JOÃƒO DOS PATOS <> JUREMA,MA,SÃƒO JOÃƒO DOS PATOS,JUREMA,METRO, MEGALINK
MA,SÃƒO JOÃƒO DOS PATOS,JUREMA,JUREMA <> MUQUÃ‰M,MA,BARÃƒO DO GRAJAÃš,MUQUÃ‰M,METRO, MEGALINK
MA,BARÃƒO DO GRAJAÃš,MUQUÃ‰M,MUQUÃ‰M <> BARÃƒO DO GRAJAU,MA,BARÃƒO DO GRAJAÃš,BARÃƒO DO GRAJAÃš,METRO, MEGALINK
MA,SÃƒO JOÃƒO DOS PATOS,JUREMA,JUREMA <> BARÃƒO DO GRAJAU,MA,BARÃƒO DO GRAJAÃš,BARÃƒO DO GRAJAÃš,METRO, MEGALINK
MA,CAXIAS,BAU,BAU <> AEROPORTO,PI,TERESINA,AEROPORTO,DWDM, STAR1/MEGALINK
MA,TIMON,TIMON,TIMON <> EQUATORIAL,PI,TERESINA,EQUATORIAL,METRO, MEGALINK
MA,SÃƒO JOÃƒO DOS PATOS,SÃƒO JOÃƒO DOS PATOS,SÃƒO JOÃƒO DOS PATOS <> FLORIANO,PI,FLORIANO,FLORIANO,DWDM, MEGALINK
MA,SÃƒO JOÃƒO DOS PATOS,JUREMA,JUREMA <> GUADALUPE,PI,GUADALUPE,GUADALUPE,METRO, MEGALINK
MA,PARNARAMA,PARNARAMA,PARNARAMA <> LOURIVAL,PI,TERESINA,LOURIVAL,DWDM, AKNET
MA,PARNARAMA,PARNARAMA,PARNARAMA <> AMARANTE,PI,AMARANTE,AMARANTE,DWDM, CLICKNET
MA,PARNARAMA,PARNARAMA,PARNARAMA <> PALMEIRAIS,PI,PALMEIRAIS,PALMEIRAIS,METRO, CLICKNET
MA,PARNARAMA,PARNARAMA,PARNARAMA <> CAITITUS,PI,NAZARIA,CAITITUS,METRO, AKNET
MA,CAXIAS,CAXIAS,CAXIAS <> AEROPORTO ROTA TRABALHO,PI,TERESINA,AEROPORTO,DWDM, LL INFORMÃTICA/MEGALINK
MA,CAXIAS,CAXIAS,CAXIAS <> AEROPORTO ROTA PROTEÃ‡ÃƒO,PI,TERESINA,AEROPORTO,DWDM, COHABNET/MEGALINK
MA,TIMON,TIMON,TIMON <> AEROPORTO,PI,TERESINA,AEROPORTO,METRO, MEGALINK
MA,TIMON,TIMON,TIMON <> ELETRONET,PI,TERESINA,ELETRONET,METRO, MEGALINK
MA,SÃƒO BERNARDO,SÃƒO BERNARDO,SÃƒO BERNARDO <> BATALHA,PI,BATALHA,BATALHA,DWDM, MEGALINK/WIRELINK
MA,ÃGUA DOCE DO MARANHÃƒO,CANA-BRAVA,CANA-BRAVA <> FÃTIMA,PI,PARNAÃBA,FÃTIMA,DWDM, MEGALINK
MA,SÃƒO BERNARDO,SÃƒO BERNARDO,SÃƒO BERNARDO <> LUZILANDIA,PI,LUZILÃ‚NDIA,LUZILÃ‚NDIA,METRO, MEGALINK
MA,ARAIOSES,PIRANGI,PIRANGI <> FÃTIMA,PI,PARNAÃBA,FÃTIMA,METRO, MEGALINK
MA,SÃƒO BERNARDO,SÃƒO BERNARDO,SÃƒO BERNARDO  <> JOAQUIM PIRES,PI,JOAQUIM PIRES,JOAQUIM PIRES,DWDM PASSIVO, MEGALINK/WIRELINK
PI,FLORIANO,FLORIANO,FLORIANO<> BARÃƒO DO GRAJAU,MA,BARÃƒO DO GRAJAÃš,BARÃƒO DO GRAJAÃš,METRO, MEGALINK
PI,JOAQUIM PIRES,JOAQUIM PIRES,JOAQUI PIRES <> MURICI DOS PORTELAS,PI,MURICI DOS PORTELAS,MURICI DOS PORTELAS,DWDM PASSIVO, GIGA+
PI,MURICI DOS PORTELAS,MURICI DOS PORTELAS,MURICI DOS PORTELAS <> BURITI DOS LOPES,PI,BURITI DOS LOPES,BURITI DOS LOPES,DWDM PASSIVO, GIGA+
PI,BURITI DOS LOPES,BURITI DOS LOPES,BURITI DOS LOPES <> FÃTIMA,PI,PARNAÃBA,FÃTIMA,METRO, ITTNET
PI,BURITI DOS LOPES,BURITI DOS LOPES,BURITI DOS LOPES <> HIGINO,PI,PARNAÃBA,HIGINO,METRO, GIGA+
PI,PARNAÃBA,FÃTIMA,FÃTIMA <> HIGINO,PI,PARNAÃBA,HIGINO,METRO, MEGALINK
PI,BURITI DOS LOPES,BURITI DOS LOPES,BURITI DOS LOPES <> VOLTA DA JUREMA,PI,CARAUBAS DO PIAUÃ,VOLTA DA JUREMA,METRO, ITTNET
PI,CARAUBAS DO PIAUÃ,VOLTA DA JUREMA,VOLTA DA JUREMA <> COCAL DA ESTAÃ‡ÃƒO,PI,COCAL,COCAL DA ESTAÃ‡ÃƒO,METRO, ELETELNET
PI,CARAUBAS DO PIAUÃ,VOLTA DA JUREMA,VOLTA DA JUREMA <> PIRACURUCA,PI,PIRACURUCA,PIRACURUCA,METRO, ITTNET
PI,PIRACURUCA,PIRACURUCA,PIRACURUCA <> BATALHA,PI,BATALHA,BATALHA,METRO, MEGALINK/DIRECT
PI,PIRACURUCA,PIRACURUCA,PIRACURUCA <> BRASILEIRA,PI,BRASILEIRA,BRASILEIRA,METRO, ITTNET
PI,BRASILEIRA,BRASILEIRA,BRASILEIRA <> PIRIPIRI,PI,PIRIPIRI,PIRIPIRI,METRO, ITTNET
PI,PIRIPIRI,PIRIPIRI,PIRIPIRI <> PEDRO II,PI,PEDRO II,PEDRO II,DWDM PASSIVO, GIGA+
PI,PIRIPIRI,PIRIPIRI,PIRIPIRI <> CAPITÃƒO DE CAMPOS,PI,CAPITÃƒO DE CAMPOS,CAPITÃƒO DE CAMPOS,METRO, G3 TELECOM/FONTE TELECOM
PI,CAPITÃƒO DE CAMPOS,CAPITÃƒO DE CAMPOS,CAPITÃƒO DE CAMPOS <> CAMPO MAIOR,PI,CAMPO MAIOR,CAMPO MAIOR,METRO, G3 TELECOM/FONTE TELECOM
PI,COCAL DE TELHA,COCAL DE TELHA,COCAL DE TELHA <> CAPITÃƒO DE CAMPOS,PI,CAPITÃƒO DE CAMPOS,CAPITÃƒO DE CAMPOS,METRO, G3 TELECOM/FONTE TELECOM
PI,CAMPO MAIOR,CAMPO MAIOR,CAMPO MAIOR <> COCAL DE TELHA,PI,COCAL DE TELHA,COCAL DE TELHA,METRO, G3 TELECOM/FONTE TELECOM
PI,CAMPO MAIOR,CAMPO MAIOR,CAMPO MAIOR <> ALTOS,PI,ALTOS,ALTOS,METRO, GIGA+
PI,ALTOS,ALTOS,ALTOS <> LOURIVAL,PI,TERESINA,LOURIVAL,METRO, GIGA+/MEGALINK
PI,ALTOS,ALTOS,ALTOS <> ALTO LONGÃ,PI,ALTO LONGÃ,ALTO LONGÃ,METRO, LOOP FIBRA
PI,ALTOS,ALTOS,ALTOS <> BENEDITINOS,PI,BENEDITINOS,BENEDITINOS,METRO, LOOP FIBRA/ULTRANET (RODOLFO)
PI,TERESINA,LOURIVAL,LOURIVAL <> CAMPO MAIOR,PI,CAMPO MAIOR,CAMPO MAIOR,DWDM, PI CONECTADO
PI,CAMPO MAIOR,CAMPO MAIOR,CAMPO MAIOR <> PIRIPIRI,PI,PIRIPIRI,PIRIPIRI,DWDM, PI CONECTADO
PI,PIRIPIRI,PIRIPIRI,PIRIPIRI <> PIRACURUCA,PI,PIRACURUCA,PIRACURUCA,DWDM, PI CONECTADO
PI,BATALHA,BATALHA,BATALHA <> ESPERANTINA,PI,ESPERANTINA,ESPERANTINA,METRO, G3 TELECOM/FONTE TELECOM
PI,BATALHA,BATALHA,BATALHA <> JOSÃ‰ DE FREITAS,PI,JOSÃ‰ DE FREITAS,JOSÃ‰ DE FREITAS,DWDM, DIRECT/MEGALINK
PI,JOSÃ‰ DE FREITAS,JOSÃ‰ DE FREITAS,JOSÃ‰ DE FREITAS <> AEROPORTO (TERESINA),PI,TERESINA,AEROPORTO,DWDM, G3 TELECOM/FONTE TELECOM/MEGALINK
PI,TERESINA,AEROPORTO,AEROPORTO <> JOQUEI,PI,TERESINA,JOQUEI,METRO, MEGALINK
PI,TERESINA,AEROPORTO,AEROPORTO <> CIDADE NOVA,PI,TERESINA,CIDADE NOVA,METRO, MEGALINK
PI,TERESINA,AEROPORTO,AEROPORTO <> LOURIVAL,PI,TERESINA,LOURIVAL,METRO, MEGALINK
PI,TERESINA,AEROPORTO,AEROPORTO <> ELETRONET,PI,TERESINA,ELETRONET,METRO, MEGALINK
PI,TERESINA,AEROPORTO,AEROPORTO <> PLANALTO,PI,TERESINA,PLANALTO,METRO, MEGALINK
PI,TERESINA,PLANALTO,PLANALTO <> JOSÃ‰ DE FREITAS,PI,JOSÃ‰ DE FREITAS,JOSÃ‰ DE FREITAS,METRO, NOVELTY
PI,TERESINA,PLANALTO,PLANALTO <> JOSÃ‰ DE FREITAS,PI,JOSÃ‰ DE FREITAS,JOSÃ‰ DE FREITAS,METRO, G3 TELECOM/FONTE TELECOM
PI,TERESINA,PLANALTO,PLANALTO <> LOURIVAL,PI,TERESINA,LOURIVAL,METRO, MEGALINK
PI,TERESINA,PLANALTO,PLANALTO <> JOQUEI,PI,TERESINA,JOQUEI,METRO, MEGALINK
PI,TERESINA,JOQUEI,JOQUEI <> CIDADE NOVA,PI,TERESINA,CIDADE NOVA,METRO, MEGALINK
PI,TERESINA,JOQUEI,JOQUEI <> RNP,PI,TERESINA,RNP,METRO, MEGALINK
PI,TERESINA,JOQUEI,JOQUEI <> EQUATORIAL,PI,TERESINA,EQUATORIAL,METRO, MEGALINK
PI,TERESINA,RNP,RNP <> CIDADE NOVA,PI,TERESINA,CIDADE NOVA,METRO, MEGALINK
PI,TERESINA,CIDADE NOVA,CIDADE NOVA <> LOURIVAL,PI,TERESINA,LOURIVAL,METRO, MEGALINK
PI,TERESINA,CIDADE NOVA,CIDADE NOVA <> PIÃ‡ARRA,PI,TERESINA,PIÃ‡ARRA,METRO, MEGALINK
PI,TERESINA,CIDADE NOVA,CIDADE NOVA <> PI CONECTADO,PI,TERESINA,PIÃ‡ARRA,METRO, MEGALINK
PI,TERESINA,PI CONECTADO,PI CONECTADO <> LOURIVAL CDN,PI,TERESINA,LOURIVAL,METRO, MEGALINK
PI,TERESIN,DUO TELECOM,DUO TELECOM <> CIDADE NOVA,PI,TERESINA,CIDADE NOVA,METRO, MEGALINK
PI,TERESIN,DUO TELECOM,DUO TELECOM <> AEROPORTO,PI,TERESINA,AEROPORTO,METRO, MEGALINK
PI,TERESINA,LOURIVAL,LOURIVAL <> ELETRONET,PI,TERESINA,ELETRONET,METRO, MEGALINK
PI,TERESINA,LOURIVAL,LOURIVAL <> ANGELIM,PI,TERESINA,ANGELIM,METRO, MEGALINK
PI,TERESINA,LOURIVAL,LOURIVAL <> MONSENHOR GIL ROTA TRABALHO,PI,MONSENHOR GIL,MONSENHOR GIL,DWDM, GIGA+
PI,TERESINA,LOURIVAL,LOURIVAL <> MONSENHOR GIL ROTA PROTEÃ‡ÃƒO,PI,MONSENHOR GIL,MONSENHOR GIL,DWDM, MEGALINK/IDEAL WEB
PI,MONSENHOR GIL,MONSENHOR GIL,MONSENHOR GIL <> ESTACA ZERO ROTA TRABALHO,PI,LAGOINHA DO PIAUI,ESTACA ZERO,DWDM, GIGA+
PI,MONSENHOR GIL,MONSENHOR GIL,MONSENHOR GIL <> ESTACA ZERO ROTA PROTEÃ‡ÃƒO,PI,LAGOINHA DO PIAUI,ESTACA ZERO,DWDM, MEGALINK/IDEAL WEB
PI,LAGOINHA DO PIAUI,ESTACA ZERO,ESTACA ZERO <> SÃƒO PEDRO ROTA TRABALHO,PI,SÃƒO PEDRO,SÃƒO PEDRO,DWDM, MEGALINK/IDEAL WEB
PI,LAGOINHA DO PIAUI,ESTACA ZERO,ESTACA ZERO <> SÃƒO PEDRO ROTA PROTEÃ‡ÃƒO,PI,SÃƒO PEDRO,SÃƒO PEDRO,DWDM, GIGA+
PI,SÃƒO PEDRO,SÃƒO PEDRO,SÃƒO PEDRO <> AMARANTE ROTA PROTEÃ‡ÃƒO,PI,AMARANTE,AMARANTE,DWDM, GIGA+
PI,SÃƒO PEDRO,SÃƒO PEDRO,SÃƒO PEDRO <> AMARANTE ROTA TRABALHO,PI,AMARANTE,AMARANTE,DWDM, MEGALINK/IDEAL WEB
PI,AMARANTE,AMARANTE,AMARANTE <> FLORIANO ROTA TRABALHO,PI,FLORIANO,FLORIANO,DWDM, MEGALINK/IDEAL WEB
PI,AMARANTE,AMARANTE,AMARANTE <> FLORIANO ROTA PROTEÃ‡ÃƒO,PI,FLORIANO,FLORIANO,DWDM, GIGA+
PI,FLORIANO,FLORIANO,FLORIANO <> ITAUEIRA,PI,ITAUEIRA,ITAUEIRA,DWDM, GIGA+/VIVO
PI,ITAUEIRA,ITAUEIRA,ITAUEIRA <> CANTO DO BURITI,PI,CANTO DO BURITI,CANTO DO BURITI,DWDM, VIVO
PI,AMARANTE,AMARANTE,AMARANTE <> PALMEIRAIS,PI,PALMEIRAIS,PALMEIRAIS,DWDM PASSIVO, CLICKNET
PI,AMARANTE,AMARANTE,AMARANTE <> REGENERAÃ‡ÃƒO,PI,REGENERAÃ‡ÃƒO,REGENERAÃ‡ÃƒO,METRO, MEGALINK
PI,REGENERAÃ‡ÃƒO,REGENERAÃ‡ÃƒO,REGENERAÃ‡ÃƒO <> SÃƒO PEDRO,PI,SÃƒO PEDRO,SÃƒO PEDRO,METRO, MEGALINK
PI,SÃƒO PEDRO DO PIAUÃ,SÃƒO PEDRO,SÃƒO PEDRO <> ÃGUA BRANCA,PI,ÃGUA BRANCA,ÃGUA BRANCA,METRO, IDEAL WEB/MEGALINK
PI,ÃGUA BRANCA,ÃGUA BRANCA,ÃGUA BRANCA <> ESTACA ZERO,PI,LAGOINHA DO PIAUI,ESTACA ZERO,METRO, IDEAL WEB
PI,ÃGUA BRANCA,ÃGUA BRANCA,ÃGUA BRANCA <> BARRO DURO,PI,BARRO DURO,BARRO DURO,METRO, GILDAZIO
PI,BARRO DURO,BARRO DURO,BARRO DURO <> PASSAGEM FRANCA,PI,PASSAGEM FRANCA,PASSAGEM FRANCA,METRO, GILDAZIO
PI,PASSAGEM FRANCA,PASSAGEM FRANCA,PASSAGEM FRANCA <> ESTACA ZERO,PI,LAGOINHA DO PIAUI,ESTACA ZERO,METRO, GIGA+
PI,PASSAGEM FRANCA,PASSAGEM FRANCA,PASSAGEM FRANCA <> ELESBÃƒO VELOSO,PI,ELESBÃƒO VELOSO,ELESBÃƒO VELOSO,METRO, GIGA+
PI,ELESBÃƒO VELOSO,ELESBÃƒO VELOSO,ELESBÃƒO VELOSO <> VARZEA GRANDE,PI,VARZEA GRANDE,VARZEA GRANDE,METRO, GDM TELECOM (DANIEL)
PI,ELESBÃƒO VELOSO,ELESBÃƒO VELOSO,ELESBÃƒO VELOSO <> VARZEA DO MEIO,PI,VARZEA DO MEIO,VARZEA DO MEIO,METRO, GIGA+
PI,ELESBÃƒO VELOSO,ELESBÃƒO VELOSO,ELESBÃƒO VELOSO <> VALENÃ‡A DO PIAUÃ,PI,VALENÃ‡A DO PIAUÃ,VALENÃ‡A DO PIAUÃ,METRO, GIGA+
PI,VARZEA DO MEIO,VARZEA DO MEIO,VARZEA DO MEIO <> AROAZES,PI,AROAZES,AROAZES,METRO, MEGALINK
PI,AROAZES,AROAZES,AROAZES <> VALENÃ‡A DO PIAUÃ,PI,VALENÃ‡A DO PIAUÃ,VALENÃ‡A DO PIAUÃ,METRO, GIGA+/MEGALINK
PI,VALENÃ‡A DO PIAUÃ,VALENÃ‡A DO PIAUÃ,VALENÃ‡A DO PIAUÃ <> PIMENTEIRAS,PI,VALENÃ‡A DO PIAUÃ,PIMENTEIRAS,METRO, MEGALINK
PI,VALENÃ‡A DO PIAUÃ,VALENÃ‡A DO PIAUÃ,VALENÃ‡A DO PIAUÃ <> INHUMA,PI,INHUMA,INHUMA,METRO, GIGA+
PI,INHUMA,INHUMA,INHUMA <> IPIRANGA,PI,IPIRANGA DO PIAUÃ,IPIRANGA,METRO, GIGA+
PI,IPIRANGA DO PIAUÃ,IPIRANGA,IPIRANGA <> GATURIANO,PI,DOM EXPEDITO LOPES,GATURIANO,METRO, GIGA+
PI,IPIRANGA DO PIAUÃ,IPIRANGA,IPIRANGA <> ASSENTAMENTO,PI,ASSENTAMENTO,ASSENTAMENTO,METRO, WINMAX
PI,DOM EXPEDITO LOPES,GATURIANO,GATURIANO <> OERIAS,PI,OEIRAS,OEIRAS,METRO, GIGA+
PI,NAZARÃ‰ DO PIAUÃ,NAZARÃ‰ DO PIAUÃ,NAZARÃ‰ DO PIAUÃ <> FLORIANO,PI,FLORIANO,FLORIANO,METRO, GIGA+
PI,OEIRAS,OEIRAS,OERIAS <> NAZARÃ‰ DO PIAUÃ,PI,NAZARÃ‰ DO PIAUÃ,NAZARÃ‰ DO PIAUÃ,METRO, GIGA+
PI,OEIRAS,OEIRAS,OEIRAS <> COLÃ”NIA DO PIAUÃ,PI,COLÃ”NIA DO PIAUÃ,COLÃ”NIA DO PIAUÃ,METRO, MEGA
PI,OEIRAS,OEIRAS,OERIAS <> FLORIANO,PI,FLORIANO,FLORIANO,METRO, GIGA+
PI,DOM EXPEDITO LOPES,GATURIANO,GATURIANO <> DOM EXPEDITO LOPES,PI,DOM EXPEDITO LOPES,DOM EXPEDITO LOPES,METRO, GIGA+
PI,DOM EXPEDITO LOPES,DOM EXPEDITO LOPES,DOM EXPEDITO LOPES <> MIROLÃ‚NDIA,PI,DOM EXPEDITO LOPES,MIROLÃ‚NDIA,METRO, GIGA+
PI,DOM EXPEDITO LOPES,MIROLÃ‚NDIA,MIROLÃ‚NDIA <> PICOS,PI,PICOS,PICOS,METRO, GIGA+
PI,DOM EXPEDITO LOPES,GATURIANO,GATURIANO <> PICOS,PI,PICOS,PICOS,METRO, GIGA+
PI,PICOS,PICOS,PICOS <> VILA NOVA DO PIAUÃ,PI,VILA NOVA DO PIAUÃ,VILA NOVA DO PIAUÃ,METRO, GIGA+
PI,PICOS,PICOS,PICOS <> SANTO ANTONIO DE LISBOA,PI,SANTO ANTONIO DE LISBOA,SANTO ANTONIO DE LISBOA,METRO, VIRTEX
PI,SANTO ANTONIO DE LISBOA,SANTO ANTONIO DE LISBOA,SANTO ANTONIO DE LISBOA <> SERRA AZUL,PI,PIO IX,SERRA AZUL,METRO, VIRTEX
PI,VILA NOVA DO PIAUÃ,VILA NOVA DO PIAUÃ,VILA NOVA DO PIAUÃ <> SÃƒO JULIÃƒO,PI,SÃƒO JULIÃƒO,SÃƒO JULIÃƒO,METRO, MEGALINK/ANTONIO
PI,VILA NOVA DO PIAUÃ,VILA NOVA DO PIAUÃ,VILA NOVA DO PIAUÃ <> FRONTEIRAS,PI,FRONTEIRAS,FRONTEIRAS,METRO, GIGA+
PI,FRONTEIRAS,FRONTEIRAS,FRONTEIRAS <> PIO IX,PI,PIO IX,PIO IX,METRO, VIRTEX
PI,FRONTEIRAS,FRONTEIRAS,FRONTEIRAS <> MAMÃƒO,PI,FRONTEIRAS,MAMÃƒO,METRO, MEGALINK/VIRTEX
PI,VILA NOVA DO PIAUÃ,VILA NOVA DO PIAUÃ,VILA NOVA DO PIAUÃ <> MAMÃƒO VIA RADIO,PI,FRONTEIRAS,MAMÃƒO,WIRELESS,RESPONSÃVEL PELO ENLACE DE RÃDIO MEGALINK
PI,VILA NOVA DO PIAUÃ,VILA NOVA DO PIAUÃ,VILA NOVA DO PIAUÃ <> ALEGRETE DO PIAUÃ,PI,ALEGRETE DO PIAUÃ,ALEGRETE DO PIAUÃ,METRO, GIGA+
PI,ALEGRETE DO PIAUÃ,ALEGRETE DO PIAUÃ,ALEGRETE DO PIAUÃ <> FRANCISCO MACEDO,PI,FRANCISCO MACEDO,FRANCISCO MACEDO,METRO, GIGA+
PI,FRANCISCO MACEDO,FRANCISCO MACEDO,FRANCISCO MACEDO <> TAMBORIL,PI,FRANCISCO MACEDO,TAMBORIL,METRO, VIRTEX
PI,FRANCISCO MACEDO,TAMBORIL,TAMBORIL <> MARCOLÃ‚NDIA,PI,MARCOLÃ‚NDIA,MARCOLÃ‚NDIA,METRO, VIRTEX
PI,PICOS,PICOS,PICOS <> GEMINIANO,PI,GEMINIANO,GEMINIANO,METRO, VIRTEX
PI,PICOS,PICOS,PICOS <> ITAINOPOLÃS,PI,ITAINOPOLÃS,ITAINOPOLÃS,METRO, VIRTEX
PI,ITAINOPOLÃS,ITAINOPOLÃS,ITAINOPOLÃS <> VERA MENDES,PI,VERA MENDES,VERA MENDES,METRO, VIRTEX
PI,VERA MENDES,VERA MENDES,VERA MENDES <> ISAÃAS COELHO,PI,ISAÃS COELHO,ISAÃS COELHO,METRO, MEGALINK
PI,ISAÃS COELHO,ISAÃS COELHO,ISAÃAS COELHO <> SIMPLICIO MENDES,PI,SIMPLICIO MENDES,SIMPLICIO MENDES,METRO, MEGALINK
PI,SIMPLICIO MENDES,SIMPLICIO MENDES,SIMPLICIO MENDES <> NOVA SANTA RITA,PI,NOVA SANTA RITA,NOVA SANTA RITA,METRO, GIGA+
PI,NOVA SANTA RITA,NOVA SANTA RITA,NOVA SANTA RITA <> SÃƒO JOÃƒO DO PIUAÃ,PI,SÃƒO JOÃƒO DO PIUAÃ,SÃƒO JOÃƒO DO PIUAÃ,METRO, GIGA+
PI,SÃƒO JOÃƒO DO PIUAÃ,SÃƒO JOÃƒO DO PIUAÃ,SÃƒO JOÃƒO DO PIUAÃ <> BREJO DO PIAUÃ,PI,BREJO DO PIAUÃ,BREJO DO PIAUÃ,METRO, GIGA+
PI,BREJO DO PIAUÃ,BREJO DO PIAUÃ,BREJO DO PIAUÃ <> CANTO DO BURITI,PI,CANTO DO BURITI,CANTO DO BURITI,METRO, GIGA+
PI,CANTO DO BURITI,CANTO DO BURITI,CANTO DO BURITI <> SANTA CLARA VIA VIVO,PI,CANTO DO BURITI,SANTA CLARA,METRO, VIVO
PI,CANTO DO BURITI,CANTO DO BURITI,CANTO DO BURITI <> SANTA CLARA,PI,CANTO DO BURITI,SANTA CLARA,METRO, MEGALINK
PI,CANTO DO BURITI,SANTA CLARA,SANTA CLARA <> ELISEU MARTINS VIA VIVO,PI,ELISEUS MARTINS,ELISEUS MARTINS,METRO, VIVO
PI,CANTO DO BURITI,SANTA CLARA,SANTA CLARA <> ELISEU MARTINS,PI,ELISEUS MARTINS,ELISEUS MARTINS,METRO, MEGALINK
PI,ELISEUS MARTINS,ELISEUS MARTINS,ELISEU MARTINS <> MANOEL EMÃDIO,PI,MANOEL EMÃDIO,MANOEL EMÃDIO,METRO, TELESAT
PI,MANOEL EMÃDIO,MANOEL EMÃDIO,MANOEL EMÃDIO <> BERTOLÃNIA,PI,BERTOLÃNIA,BERTOLÃNIA,METRO, TELESAT
PI,BERTOLÃNIA,BERTOLÃNIA,BERTOLÃNIA <> SEBASTIÃƒO LEAL,PI,SEBASTIÃƒO LEAL,SEBASTIÃƒO LEAL,METRO, SEVEN NET
PI,BERTOLÃNIA,BERTOLÃNIA,BERTOLÃNIA <> SEBASTIÃƒO LEAL 02,PI,SEBASTIÃƒO LEAL,SEBASTIÃƒO LEAL 02,METRO, MEGALINK
PI,SEBASTIÃƒO LEAL,SEBASTIÃƒO LEAL 02,SEBASTIÃƒO LEAL 02 <> CRUZETA,PI,SEBASTIÃƒO LEAL,CRUZETA,METRO, MEGALINK
PI,SEBASTIÃƒO LEAL,CRUZETA,CRUZETA <> URUÃ‡UÃ,PI,URUÃ‡UÃ,URUÃ‡UÃ,METRO, MEGALINK
PI,SEBASTIÃƒO LEAL,SEBASTIÃƒO LEAL,SEBASTIÃƒO LEAL <> MARCOS PARENTE,PI,MARCOS PARENTE,MARCOS PARENTE,METRO, SEVEN NET
PI,MARCOS PARENTE,MARCOS PARENTE,MARCOS PARENTE <> GUADALUPE,PI,GUADALUPE,GUADALUPE,METRO, SEVEN NET
PI,ELISEUS MARTINS,ELISEUS MARTINS,ELISEU MARTINS <> ALVORADA VIA VIVO,PI,ALVORADA DO GURGUÃ‰IA,ALVORADA,METRO, VIVO
PI,ELISEUS MARTINS,ELISEUS MARTINS,ELISEU MARTINS <> ALVORADA,PI,ALVORADA DO GURGUÃ‰IA,ALVORADA,METRO, BURITINET
PI,ALVORADA DO GURGUÃ‰IA,ALVORADA,ALVORADA <> CRISTINO CASTRO,PI,CRISTIONO CASTRO,CRISTIONO CASTRO,METRO, BURITINET
PI,CRISTIONO CASTRO,CRISTIONO CASTRO,CRISTINO CASTRO <> BOM JESUS,PI,BOM JESUS,BOM JESUS,METRO, MEGALINK
PI,BOM JESUS,BOM JESUS,BOM JESUS <> REDENÃ‡ÃƒO DO GURGUÃ‰IA,PI,REDENÃ‡ÃƒO DO GURGUÃ‰IA,REDENÃ‡ÃƒO,METRO, MEGALINK
PI,REDENÃ‡ÃƒO DO GURGUÃ‰IA,REDENÃ‡ÃƒO,REDENÃ‡ÃƒO DO GURGUÃ‰IA <> PAUS,PI,MONTE ALEGRE DO PIAUÃ,PAUS,METRO, MEGALINK
PI,MONTE ALEGRE DO PIAUÃ,PAUS,PAUS <> SÃƒO DIMAS,PI,SÃƒO DIMAS,SÃƒO DIMAS,METRO, MEGALINK
PI,SÃƒO DIMAS,SÃƒO DIMAS,SÃƒO DIMAS <> GILBUÃ‰S,PI,GILBUÃ‰S,GILBUÃ‰S,METRO, MEGALINK
PI,GILBUÃ‰S,GILBUÃ‰S,GILBUÃ‰S <> SÃƒO GONÃ‡ALO DO GURGUÃ‰IA,PI,SÃƒO GONÃ‡ALO DO GURGUÃ‰IA,SÃƒO GONÃ‡ALO DO GURGUÃ‰IA,METRO, MEGALINK
PI,SÃƒO GONÃ‡ALO DO GURGUÃ‰IA,SÃƒO GONÃ‡ALO DO GURGUÃ‰IA,SÃƒO GONÃ‡ALO DO GURGUÃ‰IA <> CORRENTE,PI,CORRENTE,CORRENTE,METRO, MEGALINK
PI,CORRENTE,CORRENTE,CORRENTE <> CRISTALÃ‚NDIA DO PIAUÃ,PI,CRISTALÃ‚NDIA DO PIAUÃ,CRISTALÃ‚NDIA,METRO, SUPRINET
PI,CORRENTE,CORRENTE,CORRENTE <> RIACHO FRIO,PI,RIACHO FRIO,RIACHO FRIO,METRO, SUPRINET
PI,CORRENTE,CORRENTE,CORRENTE <> PARNAGUÃ,PI,PARNAGUÃ,PARNAGUÃ,METRO, MEGALINK
PI,RIACHO FRIO,RIACHO FRIO,RIACHO FRIO <> PARNAGUÃ,PI,PARNAGUÃ,PARNAGUÃ,METRO, SUPRINET
PI,PARNAGUÃ,PARNAGUÃ,PARNAGUÃ <> CURIMATÃ,PI,CURIMATÃ,CURIMATÃ,METRO, MEGALINK
PI,CURIMATÃ,CURIMATÃ,CURIMATÃ <> AVELINO LOPES,PI,AVELINO LOPES,AVELINO LOPES,METRO, ECONECTA
PI,CURIMATÃ,CURIMATÃ,CURIMATÃ <> JULIO BORGES,PI,JULIO BORGES,JULIO BORGES,METRO, ECONECTA
PI,PICOS,PICOS,PICOS <> SUSSUAPARA,PI,SUSSUAPARA,SUSSUAPARA,METRO, MEGALINK
BA,BARREIRAS,BARREIRAS,BARREIRAS <> RIACHÃƒO DAS NEVES,BA,RIACHÃƒO DAS NEVES,RIACHÃƒO DAS NEVES,METRO, SYNCONTEL
BA,BARREIRAS,BARREIRAS,BARREIRAS <> RIACHÃƒO DAS NEVES,BA,RIACHÃƒO DAS NEVES,RIACHÃƒO DAS NEVES,DWDM PASSIVO, SUPRINET
BA,RIACHÃƒO DAS NEVES,RIACHÃƒO DAS NEVES,RIACHÃƒO DAS NEVES <> ENTRONCAMENTO,BA,RIACHÃƒO DAS NEVES,ENTRONCA\MENTO,DWDM PASSIVO, SUPRINET
BA,RIACHÃƒO DAS NEVES,ENTRONCA\MENTO,ENTRONCAMENTO <> FORMOSA DO RIO PRETO,BA,FORMA DO RIO PRETO,FORMA DO RIO PRETO,DWDM PASSIVO, SUPRINET
BA,FORMA DO RIO PRETO,FORMA DO RIO PRETO,FORMOSA DO RIO PRETO <> CRISTALÃ‚NDIA DO PIAUÃ,PI,CRISTALÃ‚NDIA DO PIAUÃ,CRISTALÃ‚NDIA,DWDM PASSIVO, SUPRINET
CE,FORTALEZA,CLS MONET,CLS MONET (ANGOLA) <> VTAL,CE,FORTALEZA,VTAL,METRO, ANGOLA CABLES
CE,FORTALEZA,CLS MONET,CLS MONET (ANGOLA) <> VTAL VIA PROVENET,CE,FORTALEZA,VTAL,METRO, PROVINET
CE,TAUÃ,TAUÃ,TAUÃ <> CAFÃ‰ DAS PRIMAS,CE,TAUÃ,CAFÃ‰ DAS PRIMAS,METRO, GIGA+
CE,TAUÃ,CAFÃ‰ DAS PRIMAS,CAFÃ‰ DAS PRIMAS <> PARAMBU,CE,PARAMBU,PARAMBU,METRO, GIGA+/MEGALINK
CE,PARAMBU,PARAMBU,PARAMBU <> COVA DONGA,CE,PARAMBU,COVA DONGA,METRO, VIRTEX
CE,PARAMBU,COVA DONGA,COVA DONGA <> SERRA AZUL,PI,PIO IX,SERRA AZUL,METRO, VIRTEX
CE,TIANGUÃ,TIANGUÃ,TIANGUA <> PIRACURUCA,PI,PIRACURUCA,PIRACURUCA,DWDM, DIRECT/MEGALINK
CE,CAMPO SALES,CAMPO SALES,CAMPO SALES <> FRONTEIRAS,PI,FRONTEIRAS,FRONTEIRAS,METRO, GIGA+
CE,TIANGUÃ,TIANGUÃ,TIANGUA <> SOBRAL VIA IPU,CE,SOBRAL,SOBRAL,DWDM, TIM
CE,FORTALEZA,BR DIGITAL,FORTALEZA <> BATURITÃ‰,CE,BATURITE,BATURITE,DWDM, TIM
CE,BATURITE,BATURITE,BATURITÃ‰ <> QUIXADÃ,CE,QUIXADA,QUIXADA,DWDM, TIM
CE,QUIXADA,QUIXADA,QUIXADÃ <> SENADOR POMPEU,CE,SENADOR POMPEU,SENADOR POMPEU,DWDM, TIM
CE,SENADOR POMPEU,SENADOR POMPEU,SENADOR POMPEU <> IGUATU,CE,IGUATU,IGUATU,DWDM, TIM
CE,IGUATU,IGUATU,IGUATU <> LAVRAS DA MANGABEIRA (ARROJADO),CE,ARROJADO,ARROJADO,DWDM, TIM
CE,ARROJADO,ARROJADO,LAVRAS DA MANGABEIRA (ARROJADO) <> SOUSA,PB,SOUSA,SOUSA,DWDM, TIM
PB,SOUSA,SOUSA,SOUSA  <> PATOS,PB,PATOS,PATOS,DWDM, TIM
PB,PATOS,PATOS,PATOS <> JUAZEIRINHO,PB,JUAZEIRINHO,JUAZEIRINHO,DWDM, TIM
PB,JUAZEIRINHO,JUAZEIRINHO,JUAZEIRINHO <> CAMPINA GRANDE,PB,CAMPINA GRANDE,CAMPINA GRANDE,DWDM, TIM
PB,CAMPINA GRANDE,CAMPINA GRANDE,CAMPINA GRANDE <> ITABAIANA,PB,ITABAIANA,ITABAIANA,DWDM, TIM
PB,ITABAIANA,ITABAIANA,ITABAIANA <> NAZARÃ‰ DA MATA,PE,NAZARÃ‰ DA MATA,NAZARÃ‰ DA MATA,DWDM, TIM
PE,NAZARÃ‰ DA MATA,NAZARÃ‰ DA MATA,NAZARÃ‰ DA MATA <> RECIFE,PE,RECIFE,RECIFE,DWDM, TIM
